37,2101877,gross,10010.0
37,2101885,gross,12753.48
37,2101886,gross,10633.48
37,2101921,gross,26519.95
37,2101925,gross,4165.0
37,19010597,gross,7453.98
37,2101966,gross,7453.98
37,2101967,gross,11975.34
37,2101984,gross,16809.02
37,2102094,gross,34686.92
37,2102098,gross,27363.61
37,2102166,gross,11828.02
37,2102232,gross,13540.0
37,2102233,gross,13540.0
37,2102238,gross,15225.96
37,2102240,gross,149365.0
37,2102253,gross,17473.54
37,40757071,gross,30920.35
37,2102679,gross,15898.97
37,1149196,gross,10644.56
37,2102912,gross,10644.56
37,46257707,gross,9441.0
37,2102913,gross,4457.99
37,41981808,gross,62841.01
37,2102933,gross,62841.01
37,2102937,gross,89937.19
37,2102958,gross,68840.83
37,2102961,gross,93064.78
37,2102976,gross,150117.36
37,2102978,gross,86783.91
37,725031,gross,157174.29
37,2103014,gross,68870.42
37,40756905,gross,15237.98
37,2103357,gross,11605.0
37,2103414,gross,149365.0
37,40756933,gross,28563.85
37,40757088,gross,11497.5
37,40756843,gross,128933.27
37,40756885,gross,177814.38
37,42742494,gross,86783.91
37,42628053,gross,162390.57
37,40756923,gross,149365.0
37,40756826,gross,149365.0
37,40757062,gross,17649.0
37,2103632,gross,54786.26
37,44816354,gross,18530.0
37,990009,gross,70111.65
37,2103693,gross,70111.65
37,2103694,gross,60293.24
37,2103695,gross,47215.31
37,2103697,gross,88229.5
37,2103699,gross,117457.09
37,2103701,gross,166106.41
37,2103715,gross,173049.01
37,2103716,gross,138924.55
37,2103740,gross,41035.9
37,2103741,gross,71880.62
37,2103754,gross,145989.15
37,2103757,gross,119649.88
37,2103779,gross,21208.23
37,2103801,gross,43699.26
37,2103824,gross,87959.99
37,2103903,gross,73534.62
37,2103904,gross,75116.95
37,2103905,gross,45766.67
37,2103927,gross,21192.73
37,2103957,gross,97515.76
37,2104013,gross,108636.01
37,2104077,gross,42605.0
37,2104174,gross,49080.25
37,2104238,gross,44433.38
37,2104281,gross,48529.68
37,2104293,gross,54621.19
37,2104401,gross,11554.51
37,2104415,gross,21882.59
37,2104416,gross,21821.85
37,2104421,gross,17473.54
37,2104593,gross,13528.26
37,2104639,gross,27644.15
37,501488,gross,26059.9
37,2104679,gross,26059.9
37,2104692,gross,13801.31
37,2104693,gross,34686.92
37,40757073,gross,43422.0
37,46257758,gross,112432.43
37,2104945,gross,103153.06
37,19069080,gross,34845.0
37,2104965,gross,34845.0
37,2104984,gross,30271.01
37,19002770,gross,13540.0
37,2105003,gross,13540.0
37,2105004,gross,14249.02
37,2105025,gross,32517.14
37,2105027,gross,44009.83
37,2105028,gross,41381.0
37,2105103,gross,69410.6
37,2105182,gross,36124.04
37,2105207,gross,46287.94
37,2105225,gross,34845.0
37,2105229,gross,13944.58
37,2105249,gross,8496.24
37,2105286,gross,39314.88
37,2105288,gross,62702.56
37,2105302,gross,18352.98
37,2105323,gross,58800.08
37,2105324,gross,60532.89
37,2105408,gross,36501.68
37,2105425,gross,56673.52
37,2105466,gross,4179.97
37,2105488,gross,22340.04
37,2105506,gross,22340.04
37,2105525,gross,58800.08
37,2105548,gross,36664.58
37,2105550,gross,45330.09
37,19069194,gross,36460.07
37,2105585,gross,36460.07
37,2105626,gross,19413.04
37,2105629,gross,16205.0
37,2105690,gross,61878.88
37,2105734,gross,111820.02
37,19071864,gross,78072.11
37,2105787,gross,78072.11
37,2105790,gross,83656.45
37,2105791,gross,83656.45
37,2105810,gross,10568.39
37,2105939,gross,56883.19
37,41976405,gross,21704.35
37,2105955,gross,21704.35
37,41972702,gross,43304.4
37,2105956,gross,43304.4
37,41983034,gross,59561.08
37,2105957,gross,59561.08
37,41978913,gross,41334.47
37,2105958,gross,41334.47
37,41976775,gross,53901.78
37,2105959,gross,53901.78
37,41975250,gross,58163.61
37,2105960,gross,58163.61
37,2105973,gross,28123.24
37,2105976,gross,19456.98
37,2105977,gross,41372.53
37,2105994,gross,14523.65
37,2106018,gross,26101.38
37,2106019,gross,15850.04
37,2106032,gross,14050.96
37,2106033,gross,24248.31
37,2106034,gross,21635.83
37,2106035,gross,22354.6
37,2106036,gross,47042.63
37,2106038,gross,14742.76
37,2106052,gross,69961.62
37,2106053,gross,89937.19
37,2106060,gross,30660.58
37,40757126,gross,45298.99
37,40756992,gross,45298.99
37,2106080,gross,45298.99
37,2106157,gross,76216.76
37,2106241,gross,94905.14
37,2106257,gross,73117.99
37,2106288,gross,67211.12
37,2106325,gross,77951.38
37,2106329,gross,74290.27
37,41947922,gross,74600.36
37,2106406,gross,74600.36
37,41968094,gross,80830.98
37,2106408,gross,80830.98
37,2106410,gross,79904.98
37,2106411,gross,80830.98
37,40757150,gross,76444.47
37,40756965,gross,75075.32
37,725035,gross,75460.03
37,2106489,gross,35149.59
37,19081143,gross,36366.16
37,2106527,gross,36366.16
37,2108115,gross,30.0
37,927091,gross,25008.0
37,2108252,gross,12362.99
37,42003652,gross,25588.64
37,2108883,gross,25588.64
37,41998808,gross,5587.34
37,2108887,gross,5587.34
37,41997890,gross,20781.41
37,2108893,gross,20781.41
37,41996436,gross,19368.3
37,2108895,gross,19368.3
37,42005569,gross,14601.37
37,2108897,gross,14601.37
37,41998175,gross,23425.0
37,2108900,gross,23425.0
37,42000202,gross,29675.89
37,2108902,gross,29675.89
37,42003407,gross,54067.62
37,2108917,gross,54067.62
37,41999147,gross,33499.81
37,2108918,gross,33499.81
37,42003656,gross,45193.41
37,40757103,gross,45193.41
37,41998358,gross,43832.79
37,40757001,gross,43832.79
37,41997189,gross,36153.1
37,2108919,gross,36153.1
37,41998044,gross,34427.12
37,2108981,gross,34427.12
37,42000835,gross,59171.09
37,2108986,gross,59171.09
37,2108987,gross,86471.34
37,41998318,gross,55713.43
37,2108990,gross,55713.43
37,42002913,gross,68457.29
37,40756884,gross,68457.29
37,42004918,gross,21455.0
37,2108998,gross,21455.0
37,41998789,gross,76699.28
37,2109006,gross,76699.28
37,2109007,gross,30154.87
37,42003778,gross,21772.67
37,2109016,gross,21772.67
37,42001422,gross,21605.02
37,2109028,gross,21605.02
37,41997127,gross,33029.58
37,2109057,gross,33029.58
37,42001687,gross,44536.41
37,2109076,gross,44536.41
37,2109310,gross,29059.13
37,2109338,gross,36320.0
37,2109363,gross,25911.68
37,2109364,gross,25122.45
37,2109451,gross,23866.34
37,2109489,gross,20821.71
37,2109490,gross,25080.6
37,2109499,gross,27758.87
37,2109500,gross,28820.96
37,2109502,gross,28473.82
37,2109503,gross,25816.27
37,2109508,gross,36770.0
37,2109516,gross,23189.63
37,2109518,gross,36545.57
37,2109519,gross,36299.82
37,2109520,gross,42881.95
37,2109521,gross,41659.24
37,2109522,gross,34932.58
37,2109523,gross,36847.59
37,2109524,gross,32677.02
37,2109635,gross,18660.0
37,2109775,gross,17387.0
37,2109781,gross,14111.68
37,43527937,gross,20867.29
37,2109792,gross,26850.5
37,2109800,gross,25793.75
37,2109817,gross,21716.69
37,967861,gross,23610.7
37,44816428,gross,23610.7
37,46257713,gross,75453.98
37,46257520,gross,75453.98
37,2109833,gross,30035.86
37,2109919,gross,13589.39
37,2109993,gross,16003.0
37,2109994,gross,8595.0
37,2109995,gross,18287.02
37,2110001,gross,16856.35
37,2110002,gross,18287.02
37,2110369,gross,32663.7
37,2110371,gross,35443.85
37,2110372,gross,25449.27
37,2110386,gross,41048.0
37,42627978,gross,6530.46
37,42627897,gross,9418.21
37,41961068,gross,126724.18
37,2110630,gross,126724.18
37,2110644,gross,46363.37
37,2110645,gross,70960.62
37,41937877,gross,61247.85
37,2110652,gross,61247.85
37,2110653,gross,77303.54
37,2110696,gross,10592.94
37,2110729,gross,208881.71
37,2110730,gross,346879.53
37,40756999,gross,27938.16
37,2110732,gross,309312.43
37,2110733,gross,24502.66
37,2110752,gross,49215.77
37,2110761,gross,50273.4
37,2110763,gross,56876.71
37,2110766,gross,45659.23
37,2110774,gross,7502.48
37,40757042,gross,16677.0
37,40756941,gross,19350.13
37,40756863,gross,24488.69
37,40756835,gross,21001.19
37,40757127,gross,21001.19
37,40757030,gross,23003.61
37,2110792,gross,215713.04
37,2110794,gross,234030.03
37,709979,gross,9331.6
37,709980,gross,11603.71
37,42742544,gross,15803.37
37,42742545,gross,18310.88
37,42742546,gross,13520.96
37,42742547,gross,13761.88
37,2110809,gross,5718.77
37,2110816,gross,16980.0
37,2110821,gross,27701.92
37,2110823,gross,25568.96
37,2110900,gross,134268.47
37,2211307,gross,590.0
37,725068,gross,600.0
37,725069,gross,700.0
37,2211379,gross,2370.0
37,2211381,gross,3700.0
37,2211388,gross,450.0
37,2211395,gross,430.0
37,2211397,gross,450.0
37,2211407,gross,2280.0
37,2211431,gross,450.0
37,2211432,gross,300.0
37,2211445,gross,300.0
37,2211449,gross,330.0
37,2211450,gross,300.0
37,2211455,gross,320.0
37,42628478,gross,300.0
37,2211480,gross,300.0
37,2211485,gross,300.0
37,41937981,gross,450.0
37,2211488,gross,450.0
37,2211490,gross,300.0
37,2211492,gross,300.0
37,41955131,gross,500.0
37,724944,gross,500.0
37,41954250,gross,320.0
37,724945,gross,320.0
37,41934017,gross,3340.0
37,2211511,gross,3340.0
37,41934824,gross,1750.0
37,40756910,gross,1750.0
37,41950317,gross,500.0
37,2211537,gross,500.0
37,41951319,gross,1250.0
37,2211555,gross,1250.0
37,2211558,gross,1250.0
37,41954703,gross,750.0
37,2211668,gross,750.0
37,2211740,gross,850.0
37,40756968,gross,750.0
37,2211794,gross,250.0
37,2211797,gross,350.0
37,2211798,gross,650.0
37,2212090,gross,300.0
37,2212092,gross,250.0
37,2212093,gross,340.0
37,2212095,gross,470.0
37,2212096,gross,310.0
37,2212099,gross,270.0
37,46257459,gross,160.0
37,2212166,gross,100.0
37,2212167,gross,80.0
37,2212168,gross,90.0
37,2212171,gross,10.0
37,19132981,gross,119.91
37,2212204,gross,119.91
37,2212212,gross,70.0
37,2212220,gross,100.0
37,2212238,gross,280.0
37,2212241,gross,50.0
37,2212294,gross,50.0
37,2212300,gross,200.0
37,2212320,gross,200.0
37,2212337,gross,160.0
37,2212349,gross,200.0
37,2212366,gross,80.0
37,2212367,gross,50.0
37,2212392,gross,110.0
37,2212418,gross,150.0
37,2212421,gross,50.0
37,2212422,gross,100.0
37,2212453,gross,60.0
37,2212499,gross,150.0
37,2212507,gross,320.0
37,2212523,gross,50.0
37,2212531,gross,50.0
37,2212542,gross,200.0
37,2212586,gross,50.0
37,2212591,gross,120.0
37,2212593,gross,160.0
37,2212603,gross,200.0
37,2212605,gross,240.0
37,2212611,gross,50.0
37,2212615,gross,50.0
37,2212626,gross,50.0
37,2212630,gross,150.0
37,2212632,gross,100.0
37,2212637,gross,90.0
37,2212638,gross,100.0
37,2212639,gross,70.0
37,2212642,gross,70.0
37,2212643,gross,70.0
37,2212649,gross,120.0
37,2212731,gross,90.0
37,2212737,gross,90.0
37,2212742,gross,120.0
37,2212753,gross,180.0
37,2212761,gross,100.0
37,2212824,gross,100.0
37,42002794,gross,170.0
37,2212882,gross,170.0
37,42014374,gross,240.0
37,2212884,gross,240.0
37,2212909,gross,140.0
37,2212918,gross,220.0
37,2212924,gross,250.0
37,2212937,gross,350.0
37,2212946,gross,60.0
37,40756971,gross,70.0
37,2212954,gross,600.0
37,2212956,gross,600.0
37,2212984,gross,170.0
37,2212988,gross,190.0
37,2212990,gross,190.0
37,2212991,gross,120.0
37,2212998,gross,160.0
37,2213000,gross,170.0
37,2213006,gross,190.0
37,41956090,gross,150.0
37,2213031,gross,150.0
37,2213039,gross,100.0
37,2213040,gross,120.0
37,2213046,gross,100.0
37,2213087,gross,210.0
37,40757083,gross,250.0
37,700360,gross,420.0
37,2213168,gross,510.0
37,2213281,gross,300.0
37,2213284,gross,850.0
37,2213329,gross,120.0
37,41960167,gross,400.0
37,40051753,gross,400.0
37,2313815,gross,400.0
37,2314004,gross,750.0
37,2314026,gross,800.0
37,19063817,gross,800.0
37,2314035,gross,800.0
37,2314037,gross,800.0
37,2314047,gross,100.0
37,2314049,gross,550.0
37,2314284,gross,200.0
37,2314287,gross,150.0
37,42627953,gross,450.0
37,2514434,gross,1000.0
37,2514435,gross,4669.45
37,2514436,gross,4834.11
37,2615740,gross,2759.28
37,2615772,gross,17458.0
37,2615773,gross,15050.0
37,2615775,gross,12658.33
37,2615782,gross,37082.5
37,2615786,gross,47853.17
37,2615791,gross,3040.91
37,2615797,gross,124682.6
37,2615862,gross,9810.5
37,2615960,gross,597.62
37,2616390,gross,12774.0
37,937618,gross,79985.13
37,2617452,gross,2614.16
37,2617453,gross,1550.0
37,44786598,gross,113656.67
37,2720469,gross,55588.75
37,2720482,gross,24576.36
37,2720792,gross,19950.0
37,40664684,gross,20608.0
37,2101877,cash,6006.0
37,2101885,cash,7652.09
37,2101886,cash,6380.09
37,2101921,cash,15911.97
37,2101925,cash,2499.0
37,19010597,cash,4472.39
37,2101966,cash,4472.39
37,2101967,cash,7185.2
37,2101984,cash,10085.41
37,2102094,cash,20812.15
37,2102098,cash,16418.17
37,2102166,cash,7096.81
37,2102232,cash,8124.0
37,2102233,cash,8124.0
37,2102238,cash,9135.58
37,2102240,cash,89619.0
37,2102253,cash,10484.12
37,40757071,cash,18552.21
37,2102679,cash,9539.38
37,1149196,cash,6386.74
37,2102912,cash,6386.74
37,46257707,cash,5664.6
37,2102913,cash,2674.79
37,41981808,cash,37704.61
37,2102933,cash,37704.61
37,2102937,cash,53962.31
37,2102958,cash,41304.5
37,2102961,cash,55838.87
37,2102976,cash,90070.42
37,2102978,cash,52070.35
37,725031,cash,94304.57
37,2103014,cash,41322.25
37,40756905,cash,9142.79
37,2103357,cash,6963.0
37,2103414,cash,89619.0
37,40756933,cash,17138.31
37,40757088,cash,6898.5
37,40756843,cash,77359.96
37,40756885,cash,106688.63
37,42742494,cash,52070.35
37,42628053,cash,97434.34
37,40756923,cash,89619.0
37,40756826,cash,89619.0
37,40757062,cash,10589.4
37,2103632,cash,32871.76
37,44816354,cash,11118.0
37,990009,cash,42066.99
37,2103693,cash,42066.99
37,2103694,cash,36175.94
37,2103695,cash,28329.19
37,2103697,cash,52937.7
37,2103699,cash,70474.25
37,2103701,cash,99663.85
37,2103715,cash,103829.41
37,2103716,cash,83354.73
37,2103740,cash,24621.54
37,2103741,cash,43128.37
37,2103754,cash,87593.49
37,2103757,cash,71789.93
37,2103779,cash,12724.94
37,2103801,cash,26219.56
37,2103824,cash,52775.99
37,2103903,cash,44120.77
37,2103904,cash,45070.17
37,2103905,cash,27460.0
37,2103927,cash,12715.64
37,2103957,cash,58509.46
37,2104013,cash,65181.61
37,2104077,cash,25563.0
37,2104174,cash,29448.15
37,2104238,cash,26660.03
37,2104281,cash,29117.81
37,2104293,cash,32772.71
37,2104401,cash,6932.71
37,2104415,cash,13129.55
37,2104416,cash,13093.11
37,2104421,cash,10484.12
37,2104593,cash,8116.96
37,2104639,cash,16586.49
37,501488,cash,15635.94
37,2104679,cash,15635.94
37,2104692,cash,8280.79
37,2104693,cash,20812.15
37,40757073,cash,26053.2
37,46257758,cash,67459.46
37,2104945,cash,61891.84
37,19069080,cash,20907.0
37,2104965,cash,20907.0
37,2104984,cash,18162.61
37,19002770,cash,8124.0
37,2105003,cash,8124.0
37,2105004,cash,8549.41
37,2105025,cash,19510.28
37,2105027,cash,26405.9
37,2105028,cash,24828.6
37,2105103,cash,41646.36
37,2105182,cash,21674.42
37,2105207,cash,27772.76
37,2105225,cash,20907.0
37,2105229,cash,8366.75
37,2105249,cash,5097.74
37,2105286,cash,23588.93
37,2105288,cash,37621.54
37,2105302,cash,11011.79
37,2105323,cash,35280.05
37,2105324,cash,36319.73
37,2105408,cash,21901.01
37,2105425,cash,34004.11
37,2105466,cash,2507.98
37,2105488,cash,13404.02
37,2105506,cash,13404.02
37,2105525,cash,35280.05
37,2105548,cash,21998.75
37,2105550,cash,27198.05
37,19069194,cash,21876.04
37,2105585,cash,21876.04
37,2105626,cash,11647.82
37,2105629,cash,9723.0
37,2105690,cash,37127.33
37,2105734,cash,67092.01
37,19071864,cash,46843.27
37,2105787,cash,46843.27
37,2105790,cash,50193.87
37,2105791,cash,50193.87
37,2105810,cash,6341.03
37,2105939,cash,34129.91
37,41976405,cash,13022.61
37,2105955,cash,13022.61
37,41972702,cash,25982.64
37,2105956,cash,25982.64
37,41983034,cash,35736.65
37,2105957,cash,35736.65
37,41978913,cash,24800.68
37,2105958,cash,24800.68
37,41976775,cash,32341.07
37,2105959,cash,32341.07
37,41975250,cash,34898.17
37,2105960,cash,34898.17
37,2105973,cash,16873.94
37,2105976,cash,11674.19
37,2105977,cash,24823.52
37,2105994,cash,8714.19
37,2106018,cash,15660.83
37,2106019,cash,9510.02
37,2106032,cash,8430.58
37,2106033,cash,14548.99
37,2106034,cash,12981.5
37,2106035,cash,13412.76
37,2106036,cash,28225.58
37,2106038,cash,8845.66
37,2106052,cash,41976.97
37,2106053,cash,53962.31
37,2106060,cash,18396.35
37,40757126,cash,27179.39
37,40756992,cash,27179.39
37,2106080,cash,27179.39
37,2106157,cash,45730.06
37,2106241,cash,56943.08
37,2106257,cash,43870.79
37,2106288,cash,40326.67
37,2106325,cash,46770.83
37,2106329,cash,44574.16
37,41947922,cash,44760.22
37,2106406,cash,44760.22
37,41968094,cash,48498.59
37,2106408,cash,48498.59
37,2106410,cash,47942.99
37,2106411,cash,48498.59
37,40757150,cash,45866.68
37,40756965,cash,45045.19
37,725035,cash,45276.02
37,2106489,cash,21089.75
37,19081143,cash,21819.7
37,2106527,cash,21819.7
37,2108115,cash,18.0
37,927091,cash,15004.8
37,2108252,cash,7417.79
37,42003652,cash,15353.18
37,2108883,cash,15353.18
37,41998808,cash,3352.4
37,2108887,cash,3352.4
37,41997890,cash,12468.85
37,2108893,cash,12468.85
37,41996436,cash,11620.98
37,2108895,cash,11620.98
37,42005569,cash,8760.82
37,2108897,cash,8760.82
37,41998175,cash,14055.0
37,2108900,cash,14055.0
37,42000202,cash,17805.53
37,2108902,cash,17805.53
37,42003407,cash,32440.57
37,2108917,cash,32440.57
37,41999147,cash,20099.89
37,2108918,cash,20099.89
37,42003656,cash,27116.05
37,40757103,cash,27116.05
37,41998358,cash,26299.67
37,40757001,cash,26299.67
37,41997189,cash,21691.86
37,2108919,cash,21691.86
37,41998044,cash,20656.27
37,2108981,cash,20656.27
37,42000835,cash,35502.65
37,2108986,cash,35502.65
37,2108987,cash,51882.8
37,41998318,cash,33428.06
37,2108990,cash,33428.06
37,42002913,cash,41074.37
37,40756884,cash,41074.37
37,42004918,cash,12873.0
37,2108998,cash,12873.0
37,41998789,cash,46019.57
37,2109006,cash,46019.57
37,2109007,cash,18092.92
37,42003778,cash,13063.6
37,2109016,cash,13063.6
37,42001422,cash,12963.01
37,2109028,cash,12963.01
37,41997127,cash,19817.75
37,2109057,cash,19817.75
37,42001687,cash,26721.85
37,2109076,cash,26721.85
37,2109310,cash,17435.48
37,2109338,cash,21792.0
37,2109363,cash,15547.01
37,2109364,cash,15073.47
37,2109451,cash,14319.8
37,2109489,cash,12493.03
37,2109490,cash,15048.36
37,2109499,cash,16655.32
37,2109500,cash,17292.58
37,2109502,cash,17084.29
37,2109503,cash,15489.76
37,2109508,cash,22062.0
37,2109516,cash,13913.78
37,2109518,cash,21927.34
37,2109519,cash,21779.89
37,2109520,cash,25729.17
37,2109521,cash,24995.54
37,2109522,cash,20959.55
37,2109523,cash,22108.55
37,2109524,cash,19606.21
37,2109635,cash,11196.0
37,2109775,cash,10432.2
37,2109781,cash,8467.01
37,43527937,cash,12520.37
37,2109792,cash,16110.3
37,2109800,cash,15476.25
37,2109817,cash,13030.01
37,967861,cash,14166.42
37,44816428,cash,14166.42
37,46257713,cash,45272.39
37,46257520,cash,45272.39
37,2109833,cash,18021.52
37,2109919,cash,8153.63
37,2109993,cash,9601.8
37,2109994,cash,5157.0
37,2109995,cash,10972.21
37,2110001,cash,10113.81
37,2110002,cash,10972.21
37,2110369,cash,19598.22
37,2110371,cash,21266.31
37,2110372,cash,15269.56
37,2110386,cash,24628.8
37,42627978,cash,3918.28
37,42627897,cash,5650.93
37,41961068,cash,76034.51
37,2110630,cash,76034.51
37,2110644,cash,27818.02
37,2110645,cash,42576.37
37,41937877,cash,36748.71
37,2110652,cash,36748.71
37,2110653,cash,46382.12
37,2110696,cash,6355.76
37,2110729,cash,125329.03
37,2110730,cash,208127.72
37,40756999,cash,16762.9
37,2110732,cash,185587.46
37,2110733,cash,14701.6
37,2110752,cash,29529.46
37,2110761,cash,30164.04
37,2110763,cash,34126.03
37,2110766,cash,27395.54
37,2110774,cash,4501.49
37,40757042,cash,10006.2
37,40756941,cash,11610.08
37,40756863,cash,14693.21
37,40756835,cash,12600.71
37,40757127,cash,12600.71
37,40757030,cash,13802.17
37,2110792,cash,129427.82
37,2110794,cash,140418.02
37,709979,cash,5598.96
37,709980,cash,6962.23
37,42742544,cash,9482.02
37,42742545,cash,10986.53
37,42742546,cash,8112.58
37,42742547,cash,8257.13
37,2110809,cash,3431.26
37,2110816,cash,10188.0
37,2110821,cash,16621.15
37,2110823,cash,15341.38
37,2110900,cash,80561.08
37,2211307,cash,354.0
37,725068,cash,360.0
37,725069,cash,420.0
37,2211379,cash,1422.0
37,2211381,cash,2220.0
37,2211388,cash,270.0
37,2211395,cash,258.0
37,2211397,cash,270.0
37,2211407,cash,1368.0
37,2211431,cash,270.0
37,2211432,cash,180.0
37,2211445,cash,180.0
37,2211449,cash,198.0
37,2211450,cash,180.0
37,2211455,cash,192.0
37,42628478,cash,180.0
37,2211480,cash,180.0
37,2211485,cash,180.0
37,41937981,cash,270.0
37,2211488,cash,270.0
37,2211490,cash,180.0
37,2211492,cash,180.0
37,41955131,cash,300.0
37,724944,cash,300.0
37,41954250,cash,192.0
37,724945,cash,192.0
37,41934017,cash,2004.0
37,2211511,cash,2004.0
37,41934824,cash,1050.0
37,40756910,cash,1050.0
37,41950317,cash,300.0
37,2211537,cash,300.0
37,41951319,cash,750.0
37,2211555,cash,750.0
37,2211558,cash,750.0
37,41954703,cash,450.0
37,2211668,cash,450.0
37,2211740,cash,510.0
37,40756968,cash,450.0
37,2211794,cash,150.0
37,2211797,cash,210.0
37,2211798,cash,390.0
37,2212090,cash,180.0
37,2212092,cash,150.0
37,2212093,cash,204.0
37,2212095,cash,282.0
37,2212096,cash,186.0
37,2212099,cash,162.0
37,46257459,cash,96.0
37,2212166,cash,60.0
37,2212167,cash,48.0
37,2212168,cash,54.0
37,2212171,cash,6.0
37,19132981,cash,71.95
37,2212204,cash,71.95
37,2212212,cash,42.0
37,2212220,cash,60.0
37,2212238,cash,168.0
37,2212241,cash,30.0
37,2212294,cash,30.0
37,2212300,cash,120.0
37,2212320,cash,120.0
37,2212337,cash,96.0
37,2212349,cash,120.0
37,2212366,cash,48.0
37,2212367,cash,30.0
37,2212392,cash,66.0
37,2212418,cash,90.0
37,2212421,cash,30.0
37,2212422,cash,60.0
37,2212453,cash,36.0
37,2212499,cash,90.0
37,2212507,cash,192.0
37,2212523,cash,30.0
37,2212531,cash,30.0
37,2212542,cash,120.0
37,2212586,cash,30.0
37,2212591,cash,72.0
37,2212593,cash,96.0
37,2212603,cash,120.0
37,2212605,cash,144.0
37,2212611,cash,30.0
37,2212615,cash,30.0
37,2212626,cash,30.0
37,2212630,cash,90.0
37,2212632,cash,60.0
37,2212637,cash,54.0
37,2212638,cash,60.0
37,2212639,cash,42.0
37,2212642,cash,42.0
37,2212643,cash,42.0
37,2212649,cash,72.0
37,2212731,cash,54.0
37,2212737,cash,54.0
37,2212742,cash,72.0
37,2212753,cash,108.0
37,2212761,cash,60.0
37,2212824,cash,60.0
37,42002794,cash,102.0
37,2212882,cash,102.0
37,42014374,cash,144.0
37,2212884,cash,144.0
37,2212909,cash,84.0
37,2212918,cash,132.0
37,2212924,cash,150.0
37,2212937,cash,210.0
37,2212946,cash,36.0
37,40756971,cash,42.0
37,2212954,cash,360.0
37,2212956,cash,360.0
37,2212984,cash,102.0
37,2212988,cash,114.0
37,2212990,cash,114.0
37,2212991,cash,72.0
37,2212998,cash,96.0
37,2213000,cash,102.0
37,2213006,cash,114.0
37,41956090,cash,90.0
37,2213031,cash,90.0
37,2213039,cash,60.0
37,2213040,cash,72.0
37,2213046,cash,60.0
37,2213087,cash,126.0
37,40757083,cash,150.0
37,700360,cash,252.0
37,2213168,cash,306.0
37,2213281,cash,180.0
37,2213284,cash,510.0
37,2213329,cash,72.0
37,41960167,cash,240.0
37,40051753,cash,240.0
37,2313815,cash,240.0
37,2314004,cash,450.0
37,2314026,cash,480.0
37,19063817,cash,480.0
37,2314035,cash,480.0
37,2314037,cash,480.0
37,2314047,cash,60.0
37,2314049,cash,330.0
37,2314284,cash,120.0
37,2314287,cash,90.0
37,42627953,cash,270.0
37,2514434,cash,600.0
37,2514435,cash,2801.67
37,2514436,cash,2900.47
37,2615740,cash,1655.57
37,2615772,cash,10474.8
37,2615773,cash,9030.0
37,2615775,cash,7595.0
37,2615782,cash,22249.5
37,2615786,cash,28711.9
37,2615791,cash,1824.55
37,2615797,cash,74809.56
37,2615862,cash,5886.3
37,2615960,cash,358.57
37,2616390,cash,7664.4
37,937618,cash,47991.08
37,2617452,cash,1568.5
37,2617453,cash,930.0
37,44786598,cash,68194.0
37,2720469,cash,33353.25
37,2720482,cash,14745.82
37,2720792,cash,11970.0
37,40664684,cash,12364.8
37,2101877,max,1761.5
37,2101885,max,1741.74
37,2101886,max,1234.77
37,2101921,max,2586.32
37,2101925,max,550.0
37,19010597,max,129.6
37,2101966,max,129.6
37,2101967,max,1445.0
37,2101984,max,1167.93
37,2102094,max,2791.42
37,2102098,max,3150.0
37,2102166,max,1445.0
37,2102232,max,591.85
37,2102233,max,591.85
37,2102238,max,2355.18
37,2102240,max,3943.78
37,2102253,max,2467.12
37,40757071,max,2725.57
37,2102679,max,2435.88
37,1149196,max,2193.18
37,2102912,max,2193.18
37,46257707,max,1289.22
37,2102913,max,182.62
37,41981808,max,10662.0
37,2102933,max,10662.0
37,2102937,max,8767.0
37,2102958,max,11291.83
37,2102961,max,10731.24
37,2102976,max,41891.38
37,2102978,max,10664.79
37,725031,max,10664.79
37,2103014,max,10664.79
37,40756905,max,1170.0
37,2103357,max,2301.68
37,2103414,max,3943.78
37,40756933,max,3150.0
37,40757088,max,2301.68
37,40756843,max,10471.88
37,40756885,max,44480.75
37,42742494,max,10664.79
37,42628053,max,10471.88
37,40756923,max,3943.78
37,40756826,max,3943.78
37,40757062,max,2301.68
37,2103632,max,8350.0
37,44816354,max,2078.07
37,990009,max,8350.0
37,2103693,max,8350.0
37,2103694,max,9292.5
37,2103695,max,5360.71
37,2103697,max,14287.5
37,2103699,max,11016.46
37,2103701,max,42718.12
37,2103715,max,42718.12
37,2103716,max,30725.24
37,2103740,max,10167.0
37,2103741,max,5360.71
37,2103754,max,10198.22
37,2103757,max,10557.07
37,2103779,max,9293.38
37,2103801,max,4277.57
37,2103824,max,3943.78
37,2103903,max,7832.36
37,2103904,max,12283.77
37,2103905,max,9292.5
37,2103927,max,3126.75
37,2103957,max,26065.47
37,2104013,max,47534.46
37,2104077,max,3325.0
37,2104174,max,3925.46
37,2104238,max,3925.46
37,2104281,max,8402.0
37,2104293,max,9684.5
37,2104401,max,532.64
37,2104415,max,4344.17
37,2104416,max,4390.0
37,2104421,max,2467.12
37,2104593,max,2778.93
37,2104639,max,4474.61
37,501488,max,2543.44
37,2104679,max,2543.44
37,2104692,max,2543.44
37,2104693,max,2791.42
37,40757073,max,3506.01
37,46257758,max,14145.7
37,2104945,max,21382.68
37,19069080,max,2248.12
37,2104965,max,2248.12
37,2104984,max,5512.5
37,19002770,max,2166.55
37,2105003,max,2166.55
37,2105004,max,3150.0
37,2105025,max,6465.0
37,2105027,max,5360.71
37,2105028,max,2200.66
37,2105103,max,10260.83
37,2105182,max,5360.71
37,2105207,max,2202.14
37,2105225,max,2248.12
37,2105229,max,1286.99
37,2105249,max,1785.0
37,2105286,max,7939.63
37,2105288,max,5937.25
37,2105302,max,2381.22
37,2105323,max,8769.93
37,2105324,max,5900.09
37,2105408,max,8947.0
37,2105425,max,5612.02
37,2105466,max,163.13
37,2105488,max,1957.9
37,2105506,max,1957.9
37,2105525,max,8769.93
37,2105548,max,7939.63
37,2105550,max,5937.25
37,19069194,max,5474.96
37,2105585,max,5474.96
37,2105626,max,9639.07
37,2105629,max,2179.99
37,2105690,max,12729.89
37,2105734,max,20711.53
37,19071864,max,14264.27
37,2105787,max,14264.27
37,2105790,max,7753.8
37,2105791,max,7753.8
37,2105810,max,1103.0
37,2105939,max,7319.66
37,41976405,max,4568.36
37,2105955,max,4568.36
37,41972702,max,5200.54
37,2105956,max,5200.54
37,41983034,max,9264.42
37,2105957,max,9264.42
37,41978913,max,4254.58
37,2105958,max,4254.58
37,41976775,max,8633.8
37,2105959,max,8633.8
37,41975250,max,9921.58
37,2105960,max,9921.58
37,2105973,max,4434.11
37,2105976,max,1998.0
37,2105977,max,5560.0
37,2105994,max,3541.0
37,2106018,max,6686.88
37,2106019,max,2944.48
37,2106032,max,2944.48
37,2106033,max,5640.0
37,2106034,max,4719.81
37,2106035,max,8466.37
37,2106036,max,8088.42
37,2106038,max,2179.99
37,2106052,max,11010.75
37,2106053,max,8767.0
37,2106060,max,5640.0
37,40757126,max,9020.39
37,40756992,max,9020.39
37,2106080,max,9020.39
37,2106157,max,10582.25
37,2106241,max,10731.24
37,2106257,max,9465.84
37,2106288,max,9465.84
37,2106325,max,11625.69
37,2106329,max,11077.5
37,41947922,max,10732.22
37,2106406,max,10732.22
37,41968094,max,10698.53
37,2106408,max,10698.53
37,2106410,max,9887.44
37,2106411,max,10698.53
37,40757150,max,10945.98
37,40756965,max,11566.25
37,725035,max,10750.82
37,2106489,max,5863.9
37,19081143,max,19900.0
37,2106527,max,19900.0
37,2108115,max,30.0
37,927091,max,1476.5
37,2108252,max,1098.88
37,42003652,max,9142.5
37,2108883,max,9142.5
37,41998808,max,4021.31
37,2108887,max,4021.31
37,41997890,max,2528.33
37,2108893,max,2528.33
37,41996436,max,4064.38
37,2108895,max,4064.38
37,42005569,max,1409.76
37,2108897,max,1409.76
37,41998175,max,6950.0
37,2108900,max,6950.0
37,42000202,max,9101.5
37,2108902,max,9101.5
37,42003407,max,7450.47
37,2108917,max,7450.47
37,41999147,max,7321.7
37,2108918,max,7321.7
37,42003656,max,11235.64
37,40757103,max,11235.64
37,41998358,max,3348.61
37,40757001,max,3348.61
37,41997189,max,6950.0
37,2108919,max,6950.0
37,41998044,max,8310.6
37,2108981,max,8310.6
37,42000835,max,11254.94
37,2108986,max,11254.94
37,2108987,max,9970.03
37,41998318,max,14676.56
37,2108990,max,14676.56
37,42002913,max,8038.0
37,40756884,max,8038.0
37,42004918,max,1964.0
37,2108998,max,1964.0
37,41998789,max,16735.18
37,2109006,max,16735.18
37,2109007,max,2977.5
37,42003778,max,2469.0
37,2109016,max,2469.0
37,42001422,max,2085.0
37,2109028,max,2085.0
37,41997127,max,9309.71
37,2109057,max,9309.71
37,42001687,max,6398.76
37,2109076,max,6398.76
37,2109310,max,8755.13
37,2109338,max,4125.62
37,2109363,max,8250.0
37,2109364,max,9142.5
37,2109451,max,3905.76
37,2109489,max,2992.35
37,2109490,max,4129.23
37,2109499,max,4311.5
37,2109500,max,4522.14
37,2109502,max,4311.5
37,2109503,max,4718.41
37,2109508,max,4609.66
37,2109516,max,7776.71
37,2109518,max,8250.0
37,2109519,max,8250.0
37,2109520,max,6243.43
37,2109521,max,7817.0
37,2109522,max,8250.0
37,2109523,max,6243.43
37,2109524,max,4165.55
37,2109635,max,2732.38
37,2109775,max,2732.38
37,2109781,max,2511.73
37,43527937,max,4106.97
37,2109792,max,1370.84
37,2109800,max,2041.58
37,2109817,max,3088.29
37,967861,max,4245.44
37,44816428,max,4245.44
37,46257713,max,825.0
37,46257520,max,825.0
37,2109833,max,3830.46
37,2109919,max,2291.43
37,2109993,max,2291.43
37,2109994,max,3150.0
37,2109995,max,5864.83
37,2110001,max,4115.0
37,2110002,max,5864.83
37,2110369,max,19900.0
37,2110371,max,4768.92
37,2110372,max,3599.94
37,2110386,max,3673.95
37,42627978,max,560.14
37,42627897,max,581.18
37,41961068,max,27847.56
37,2110630,max,27847.56
37,2110644,max,8582.1
37,2110645,max,14702.93
37,41937877,max,9650.35
37,2110652,max,9650.35
37,2110653,max,9368.76
37,2110696,max,1891.34
37,2110729,max,51923.78
37,2110730,max,27711.97
37,40756999,max,3787.19
37,2110732,max,48276.42
37,2110733,max,3787.19
37,2110752,max,15052.62
37,2110761,max,8947.0
37,2110763,max,9281.71
37,2110766,max,8335.17
37,2110774,max,2091.0
37,40757042,max,1186.12
37,40756941,max,1186.12
37,40756863,max,1186.12
37,40756835,max,2366.75
37,40757127,max,2366.75
37,40757030,max,2366.75
37,2110792,max,24540.17
37,2110794,max,47216.16
37,709979,max,1556.36
37,709980,max,1564.44
37,42742544,max,3150.0
37,42742545,max,1413.53
37,42742546,max,1672.05
37,42742547,max,1739.58
37,2110809,max,1394.0
37,2110816,max,1289.22
37,2110821,max,4957.25
37,2110823,max,4296.79
37,2110900,max,1654.5
37,2211307,max,97.28
37,725068,max,600.0
37,725069,max,114.87
37,2211379,max,362.77
37,2211381,max,235.72
37,2211388,max,32.44
37,2211395,max,71.81
37,2211397,max,101.45
37,2211407,max,179.98
37,2211431,max,86.12
37,2211432,max,64.64
37,2211445,max,48.44
37,2211449,max,88.21
37,2211450,max,82.62
37,2211455,max,53.7
37,42628478,max,37.98
37,2211480,max,34.03
37,2211485,max,26.43
37,41937981,max,62.95
37,2211488,max,62.95
37,2211490,max,45.77
37,2211492,max,58.39
37,41955131,max,127.34
37,724944,max,127.34
37,41954250,max,189.98
37,724945,max,189.98
37,41934017,max,36.41
37,2211511,max,36.41
37,41934824,max,148.61
37,40756910,max,148.61
37,41950317,max,149.09
37,2211537,max,149.09
37,41951319,max,239.41
37,2211555,max,239.41
37,2211558,max,178.44
37,41954703,max,39.33
37,2211668,max,39.33
37,2211740,max,176.6
37,40756968,max,48.39
37,2211794,max,153.73
37,2211797,max,75.41
37,2211798,max,86.56
37,2212090,max,68.89
37,2212092,max,34.66
37,2212093,max,340.0
37,2212095,max,76.22
37,2212096,max,50.6
37,2212099,max,46.56
37,46257459,max,24.56
37,2212166,max,18.13
37,2212167,max,80.0
37,2212168,max,15.76
37,2212171,max,1.14
37,19132981,max,22.73
37,2212204,max,22.73
37,2212212,max,10.46
37,2212220,max,20.65
37,2212238,max,156.11
37,2212241,max,6.93
37,2212294,max,6.9
37,2212300,max,122.17
37,2212320,max,34.49
37,2212337,max,119.17
37,2212349,max,37.29
37,2212366,max,34.62
37,2212367,max,50.0
37,2212392,max,61.29
37,2212418,max,51.71
37,2212421,max,8.6
37,2212422,max,20.71
37,2212453,max,54.32
37,2212499,max,30.96
37,2212507,max,55.7
37,2212523,max,6.54
37,2212531,max,6.27
37,2212542,max,34.49
37,2212586,max,28.79
37,2212591,max,120.0
37,2212593,max,160.0
37,2212603,max,200.0
37,2212605,max,108.53
37,2212611,max,7.65
37,2212615,max,11.18
37,2212626,max,11.35
37,2212630,max,28.39
37,2212632,max,100.0
37,2212637,max,15.7
37,2212638,max,4.69
37,2212639,max,5.67
37,2212642,max,11.21
37,2212643,max,10.92
37,2212649,max,88.63
37,2212731,max,90.0
37,2212737,max,3.55
37,2212742,max,120.0
37,2212753,max,15.89
37,2212761,max,6.8
37,2212824,max,7.46
37,42002794,max,22.99
37,2212882,max,22.99
37,42014374,max,32.46
37,2212884,max,32.46
37,2212909,max,19.64
37,2212918,max,17.58
37,2212924,max,33.81
37,2212937,max,88.59
37,2212946,max,24.19
37,40756971,max,30.99
37,2212954,max,129.51
37,2212956,max,64.87
37,2212984,max,17.56
37,2212988,max,21.38
37,2212990,max,24.61
37,2212991,max,73.79
37,2212998,max,20.27
37,2213000,max,19.13
37,2213006,max,23.53
37,41956090,max,16.52
37,2213031,max,16.52
37,2213039,max,10.33
37,2213040,max,16.59
37,2213046,max,13.83
37,2213087,max,28.4
37,40757083,max,4.19
37,700360,max,110.44
37,2213168,max,86.94
37,2213281,max,32.23
37,2213284,max,101.34
37,2213329,max,2.01
37,41960167,max,400.0
37,40051753,max,400.0
37,2313815,max,400.0
37,2314004,max,269.26
37,2314026,max,491.93
37,19063817,max,45.74
37,2314035,max,45.74
37,2314037,max,98.9
37,2314047,max,16.53
37,2314049,max,550.0
37,2314284,max,19.02
37,2314287,max,18.62
37,42627953,max,79.01
37,2514434,max,184.48
37,2514435,max,1229.52
37,2514436,max,1800.0
37,2615740,max,427.86
37,2615772,max,3606.87
37,2615773,max,3390.78
37,2615775,max,5628.0
37,2615782,max,9179.73
37,2615786,max,5828.41
37,2615791,max,414.11
37,2615797,max,35603.93
37,2615862,max,2801.45
37,2615960,max,97.8
37,2616390,max,10604.95
37,937618,max,10645.57
37,2617452,max,161.31
37,2617453,max,346.46
37,44786598,max,28803.65
37,2720469,max,4876.52
37,2720482,max,10764.6
37,2720792,max,1629.86
37,40664684,max,1973.51
37,2101877,min,1761.5
37,2101885,min,1741.74
37,2101886,min,117.49
37,2101921,min,2586.32
37,2101925,min,550.0
37,19010597,min,129.6
37,2101966,min,129.6
37,2101967,min,1445.0
37,2101984,min,1167.93
37,2102094,min,2791.42
37,2102098,min,1286.99
37,2102166,min,1167.93
37,2102232,min,591.85
37,2102233,min,591.85
37,2102238,min,2355.18
37,2102240,min,3943.78
37,2102253,min,2467.12
37,40757071,min,2725.57
37,2102679,min,2435.88
37,1149196,min,2193.18
37,2102912,min,2193.18
37,46257707,min,1289.22
37,2102913,min,182.62
37,41981808,min,5067.83
37,2102933,min,5067.83
37,2102937,min,8767.0
37,2102958,min,11291.83
37,2102961,min,10731.24
37,2102976,min,10568.34
37,2102978,min,10664.79
37,725031,min,10664.79
37,2103014,min,10664.79
37,40756905,min,719.67
37,2103357,min,2301.68
37,2103414,min,3943.78
37,40756933,min,2849.05
37,40757088,min,2301.68
37,40756843,min,9347.55
37,40756885,min,10471.88
37,42742494,min,10664.79
37,42628053,min,8229.5
37,40756923,min,3943.78
37,40756826,min,3943.78
37,40757062,min,2301.68
37,2103632,min,4129.5
37,44816354,min,2078.07
37,990009,min,4129.5
37,2103693,min,4129.5
37,2103694,min,4583.93
37,2103695,min,4583.93
37,2103697,min,6529.27
37,2103699,min,11016.46
37,2103701,min,42718.12
37,2103715,min,12839.03
37,2103716,min,30725.24
37,2103740,min,4522.04
37,2103741,min,5360.71
37,2103754,min,10198.22
37,2103757,min,10557.07
37,2103779,min,9293.38
37,2103801,min,4277.57
37,2103824,min,3325.0
37,2103903,min,7832.36
37,2103904,min,12283.77
37,2103905,min,4583.93
37,2103927,min,3126.75
37,2103957,min,26065.47
37,2104013,min,47534.46
37,2104077,min,3325.0
37,2104174,min,3925.46
37,2104238,min,3925.46
37,2104281,min,8402.0
37,2104293,min,6478.36
37,2104401,min,532.64
37,2104415,min,3700.08
37,2104416,min,4390.0
37,2104421,min,2467.12
37,2104593,min,2778.93
37,2104639,min,4474.61
37,501488,min,2543.44
37,2104679,min,2543.44
37,2104692,min,2543.44
37,2104693,min,2791.42
37,40757073,min,3506.01
37,46257758,min,14145.7
37,2104945,min,21382.68
37,19069080,min,2248.12
37,2104965,min,2248.12
37,2104984,min,5512.5
37,19002770,min,2166.55
37,2105003,min,2166.55
37,2105004,min,3150.0
37,2105025,min,2166.55
37,2105027,min,3112.57
37,2105028,min,2200.66
37,2105103,min,7415.53
37,2105182,min,5360.71
37,2105207,min,2202.14
37,2105225,min,2248.12
37,2105229,min,1286.99
37,2105249,min,1785.0
37,2105286,min,5360.71
37,2105288,min,5937.25
37,2105302,min,2381.22
37,2105323,min,8769.93
37,2105324,min,5900.09
37,2105408,min,5360.71
37,2105425,min,5612.02
37,2105466,min,163.13
37,2105488,min,1957.9
37,2105506,min,1957.9
37,2105525,min,8769.93
37,2105548,min,7939.63
37,2105550,min,5937.25
37,19069194,min,5474.96
37,2105585,min,5474.96
37,2105626,min,9639.07
37,2105629,min,2179.99
37,2105690,min,10840.35
37,2105734,min,20711.53
37,19071864,min,11949.06
37,2105787,min,11949.06
37,2105790,min,7753.8
37,2105791,min,7753.8
37,2105810,min,182.62
37,2105939,min,7319.66
37,41976405,min,2598.5
37,2105955,min,2598.5
37,41972702,min,5200.54
37,2105956,min,5200.54
37,41983034,min,3190.76
37,2105957,min,3190.76
37,41978913,min,4254.58
37,2105958,min,4254.58
37,41976775,min,3190.76
37,2105959,min,3190.76
37,41975250,min,6768.68
37,2105960,min,6768.68
37,2105973,min,4434.11
37,2105976,min,1998.0
37,2105977,min,2453.16
37,2105994,min,1153.29
37,2106018,min,5152.85
37,2106019,min,2944.48
37,2106032,min,2944.48
37,2106033,min,2926.83
37,2106034,min,2926.83
37,2106035,min,2442.44
37,2106036,min,2453.16
37,2106038,min,2179.99
37,2106052,min,10484.64
37,2106053,min,8767.0
37,2106060,min,5640.0
37,40757126,min,9020.39
37,40756992,min,9020.39
37,2106080,min,9020.39
37,2106157,min,10582.25
37,2106241,min,10731.24
37,2106257,min,9465.84
37,2106288,min,9465.84
37,2106325,min,11625.69
37,2106329,min,11077.5
37,41947922,min,10732.22
37,2106406,min,10732.22
37,41968094,min,10698.53
37,2106408,min,10698.53
37,2106410,min,9887.44
37,2106411,min,10698.53
37,40757150,min,10945.98
37,40756965,min,11566.25
37,725035,min,10750.82
37,2106489,min,5863.9
37,19081143,min,3673.94
37,2106527,min,3673.94
37,2108115,min,2.7
37,927091,min,1476.5
37,2108252,min,1098.88
37,42003652,min,711.41
37,2108883,min,711.41
37,41998808,min,918.86
37,2108887,min,918.86
37,41997890,min,1409.76
37,2108893,min,1409.76
37,41996436,min,711.41
37,2108895,min,711.41
37,42005569,min,860.61
37,2108897,min,860.61
37,41998175,min,6950.0
37,2108900,min,6950.0
37,42000202,min,9101.5
37,2108902,min,9101.5
37,42003407,min,7450.47
37,2108917,min,7450.47
37,41999147,min,7321.7
37,2108918,min,7321.7
37,42003656,min,7626.43
37,40757103,min,7626.43
37,41998358,min,3348.61
37,40757001,min,3348.61
37,41997189,min,6950.0
37,2108919,min,6950.0
37,41998044,min,3832.36
37,2108981,min,3832.36
37,42000835,min,11254.94
37,2108986,min,11254.94
37,2108987,min,9970.03
37,41998318,min,2687.62
37,2108990,min,2687.62
37,42002913,min,1188.86
37,40756884,min,1188.86
37,42004918,min,1964.0
37,2108998,min,1964.0
37,41998789,min,16735.18
37,2109006,min,16735.18
37,2109007,min,2977.5
37,42003778,min,678.28
37,2109016,min,678.28
37,42001422,min,2085.0
37,2109028,min,2085.0
37,41997127,min,4475.1
37,2109057,min,4475.1
37,42001687,min,6398.76
37,2109076,min,6398.76
37,2109310,min,3606.98
37,2109338,min,4125.62
37,2109363,min,4412.07
37,2109364,min,4181.96
37,2109451,min,3905.76
37,2109489,min,2992.35
37,2109490,min,4129.23
37,2109499,min,4311.5
37,2109500,min,4522.14
37,2109502,min,4112.94
37,2109503,min,4311.5
37,2109508,min,4609.66
37,2109516,min,7776.71
37,2109518,min,6017.38
37,2109519,min,5410.53
37,2109520,min,6243.43
37,2109521,min,7573.35
37,2109522,min,8250.0
37,2109523,min,6243.43
37,2109524,min,4165.55
37,2109635,min,2732.38
37,2109775,min,2732.38
37,2109781,min,2511.73
37,43527937,min,1561.75
37,2109792,min,1370.84
37,2109800,min,2041.58
37,2109817,min,3088.29
37,967861,min,4245.44
37,44816428,min,4245.44
37,46257713,min,825.0
37,46257520,min,825.0
37,2109833,min,3830.46
37,2109919,min,2291.43
37,2109993,min,2291.43
37,2109994,min,3150.0
37,2109995,min,5864.83
37,2110001,min,3145.13
37,2110002,min,5864.83
37,2110369,min,3657.5
37,2110371,min,4768.92
37,2110372,min,3599.94
37,2110386,min,3673.95
37,42627978,min,461.35
37,42627897,min,581.18
37,41961068,min,27847.56
37,2110630,min,27847.56
37,2110644,min,6180.17
37,2110645,min,7720.31
37,41937877,min,7239.41
37,2110652,min,7239.41
37,2110653,min,7806.45
37,2110696,min,1891.34
37,2110729,min,51923.78
37,2110730,min,27711.97
37,40756999,min,3787.19
37,2110732,min,6970.32
37,2110733,min,3787.19
37,2110752,min,3194.56
37,2110761,min,8777.0
37,2110763,min,6465.0
37,2110766,min,2329.26
37,2110774,min,798.77
37,40757042,min,1186.12
37,40756941,min,1186.12
37,40756863,min,1186.12
37,40756835,min,1102.61
37,40757127,min,1102.61
37,40757030,min,2366.75
37,2110792,min,24540.17
37,2110794,min,47216.16
37,709979,min,289.99
37,709980,min,1564.44
37,42742544,min,1510.0
37,42742545,min,1413.53
37,42742546,min,1540.8
37,42742547,min,1540.8
37,2110809,min,149.61
37,2110816,min,1289.22
37,2110821,min,4957.25
37,2110823,min,1462.98
37,2110900,min,1654.5
37,2211307,min,97.28
37,725068,min,68.32
37,725069,min,85.13
37,2211379,min,362.77
37,2211381,min,235.72
37,2211388,min,32.44
37,2211395,min,71.81
37,2211397,min,64.04
37,2211407,min,179.98
37,2211431,min,86.12
37,2211432,min,48.25
37,2211445,min,48.44
37,2211449,min,88.21
37,2211450,min,82.62
37,2211455,min,53.7
37,42628478,min,31.16
37,2211480,min,34.03
37,2211485,min,26.43
37,41937981,min,62.95
37,2211488,min,62.95
37,2211490,min,45.77
37,2211492,min,58.39
37,41955131,min,127.34
37,724944,min,127.34
37,41954250,min,189.98
37,724945,min,189.98
37,41934017,min,36.41
37,2211511,min,36.41
37,41934824,min,148.61
37,40756910,min,148.61
37,41950317,min,86.62
37,2211537,min,86.62
37,41951319,min,239.41
37,2211555,min,239.41
37,2211558,min,178.44
37,41954703,min,39.33
37,2211668,min,39.33
37,2211740,min,176.6
37,40756968,min,48.39
37,2211794,min,29.06
37,2211797,min,69.44
37,2211798,min,32.34
37,2212090,min,11.43
37,2212092,min,34.66
37,2212093,min,17.04
37,2212095,min,17.72
37,2212096,min,50.6
37,2212099,min,46.56
37,46257459,min,24.56
37,2212166,min,4.17
37,2212167,min,3.45
37,2212168,min,3.06
37,2212171,min,1.14
37,19132981,min,18.22
37,2212204,min,18.22
37,2212212,min,10.46
37,2212220,min,13.36
37,2212238,min,40.05
37,2212241,min,6.93
37,2212294,min,6.9
37,2212300,min,20.37
37,2212320,min,34.49
37,2212337,min,19.47
37,2212349,min,21.97
37,2212366,min,8.17
37,2212367,min,7.85
37,2212392,min,12.75
37,2212418,min,15.38
37,2212421,min,8.52
37,2212422,min,20.71
37,2212453,min,9.06
37,2212499,min,22.25
37,2212507,min,38.8
37,2212523,min,6.54
37,2212531,min,3.42
37,2212542,min,34.49
37,2212586,min,11.04
37,2212591,min,11.49
37,2212593,min,22.72
37,2212603,min,200.0
37,2212605,min,108.53
37,2212611,min,7.65
37,2212615,min,5.93
37,2212626,min,11.35
37,2212630,min,28.39
37,2212632,min,10.16
37,2212637,min,8.51
37,2212638,min,4.69
37,2212639,min,5.67
37,2212642,min,11.21
37,2212643,min,10.92
37,2212649,min,9.06
37,2212731,min,5.17
37,2212737,min,3.55
37,2212742,min,7.88
37,2212753,min,15.89
37,2212761,min,6.8
37,2212824,min,7.46
37,42002794,min,22.99
37,2212882,min,22.99
37,42014374,min,32.46
37,2212884,min,32.46
37,2212909,min,19.64
37,2212918,min,17.58
37,2212924,min,33.81
37,2212937,min,12.28
37,2212946,min,4.04
37,40756971,min,5.15
37,2212954,min,129.51
37,2212956,min,64.87
37,2212984,min,11.31
37,2212988,min,12.43
37,2212990,min,24.61
37,2212991,min,8.72
37,2212998,min,10.64
37,2213000,min,19.13
37,2213006,min,23.53
37,41956090,min,16.52
37,2213031,min,16.52
37,2213039,min,5.61
37,2213040,min,16.59
37,2213046,min,13.83
37,2213087,min,28.4
37,40757083,min,4.19
37,700360,min,43.81
37,2213168,min,47.87
37,2213281,min,32.23
37,2213284,min,101.34
37,2213329,min,2.01
37,41960167,min,52.43
37,40051753,min,52.43
37,2313815,min,52.43
37,2314004,min,111.34
37,2314026,min,117.07
37,19063817,min,45.74
37,2314035,min,45.74
37,2314037,min,98.9
37,2314047,min,16.53
37,2314049,min,75.05
37,2314284,min,19.02
37,2314287,min,18.62
37,42627953,min,79.01
37,2514434,min,184.48
37,2514435,min,200.15
37,2514436,min,1126.14
37,2615740,min,427.86
37,2615772,min,3606.87
37,2615773,min,3390.78
37,2615775,min,2210.3
37,2615782,min,9179.73
37,2615786,min,5828.41
37,2615791,min,409.1
37,2615797,min,35603.93
37,2615862,min,2801.45
37,2615960,min,97.8
37,2616390,min,2647.46
37,937618,min,10645.57
37,2617452,min,90.23
37,2617453,min,126.63
37,44786598,min,28803.65
37,2720469,min,4876.52
37,2720482,min,7001.04
37,2720792,min,1629.86
37,40664684,min,1973.51
